County,Stream,Location,Type,Fishing Season,Possession Season,"Brook Trout
Minimum Size
Limit (inches)","Brown Trout
Minimum Size
Limit (inches)","Atlantic, Chinook,
Coho & Pink Salmon,
Lake Trout, Rainbow
Trout(Steelhead)
& Splake
Minimum Size Limit
(inches)","All Trout and
Salmon Daily
Possession
Limit "
Alcona,Au Sable River Mainstream,from Evans Rd. (McKinley Bridge) downstream to 4001 Bridge.,2,Last Sat. in April - Sep. 30,Last Sat. in April - Sep. 30,"10""","12""","10""","5 fish, but no more than 3 trout 15"" or greater"
Alcona,Au Sable River Mainstream,from Alcona Dam to S. Branch River,4,Open All Year,"Last Sat. in April - Sep. 30 for Brook Trout, Brown Trout, and Atlantic Salmon Open all year for all other Trout and Salmon","7""","10""","10""","5 fish, but no more than 3 trout 15"" or greater"
Alcona,Black River,from confuence with N. Branch Black River downstream to Lake Huron.,4,Open All Year,"Last Sat. in April - Sep. 30 for Brook Trout, Brown Trout, and Atlantic Salmon Open all year for all other Trout and Salmon","7""","10""","10""","5 fish, but no more than 3 trout 15"" or greater"
Alcona,Pine River,from F-41 downstream to Lake Huron.,3,Open All Year,Open All Year,"15""","15""","10""","5 fish, but no more than 3 trout 15"" or greater"
Alger,Anna River,"from Railroad Bridge (T46N, R19W, S14) downstream to L. Superior.",4,Open All Year,"Last Sat. in April - Sep. 30 for Brook Trout, Brown Trout, and Atlantic Salmon Open all year for all other Trout and Salmon","7""","10""","10""","5 fish, but no more than 3 trout 15"" or greater"
Alger,Au Train River,from Powerhouse below M-94 downstream to L. Superior.,4,Open All Year,"Last Sat. in April - Sep. 30 for Brook Trout, Brown Trout, and Atlantic Salmon Open all year for all other Trout and Salmon","7""","10""","10""","5 fish, but no more than 3 trout 15"" or greater"
Alger,Hurricane River,"from Truck Trail (CO Rd 724, T49N, R15W, S25) downstream to L. Superior.",3,Open All Year,Open All Year,"15""","15""","10""","5 fish, but no more than 3 trout 15"" or greater"
Alger,Laughing Whitefsh River,"from Forks (T47N, R22W, S22) downstream to L. Superior.",4,Open All Year,"Last Sat. in April - Sep. 30 for Brook Trout, Brown Trout, and Atlantic Salmon Open all year for all other Trout and Salmon","7""","10""","10""","5 fish, but no more than 3 trout 15"" or greater"
Alger,Miner’s River,from Miner’s Falls downstream to L. Superior.,4,Open All Year,"Last Sat. in April - Sep. 30 for Brook Trout, Brown Trout, and Atlantic Salmon Open all year for all other Trout and Salmon","7""","10""","10""","5 fish, but no more than 3 trout 15"" or greater"
Alger,Rock River,"from Railroad Bridge (T47N, R21W, S22) downstream to L. Superior. SC - Closed to Fishing - April 1 – Jun. 30 between dam and its downstream-most foot bridge located downstream from M-28 in T47N, R21W, S15.",4,Open All Year,"Last Sat. in April - Sep. 30 for Brook Trout, Brown Trout, and Atlantic Salmon Open all year for all other Trout and Salmon","7""","10""","10""","5 fish, but no more than 3 trout 15"" or greater"
Alger,Sable Creek,,4,Open All Year,"Last Sat. in April - Sep. 30 for Brook Trout, Brown Trout, and Atlantic Salmon Open all year for all other Trout and Salmon","7""","10""","10""","5 fish, but no more than 3 trout 15"" or greater"
Alger,Sucker River,upstream limit is old Grand Marais/ Seney Road Bridge.,4,Open All Year,"Last Sat. in April - Sep. 30 for Brook Trout, Brown Trout, and Atlantic Salmon Open all year for all other Trout and Salmon","7""","10""","10""","5 fish, but no more than 3 trout 15"" or greater"
Allegan,Black River Mainstream,from confuence of North and South branches down to L. Michigan.,3,Open All Year,Open All Year,"15""","15""","10""","5 fish, but no more than 3 trout 15"" or greater"
Allegan,Gun River Mainstream,"from 122nd Ave. (T2N, R11W, S12) downstream to US 131 Bridge (T1N, R11W, S18).",4,Open All Year,"Last Sat. in April - Sep. 30 for Brook Trout, Brown Trout, and Atlantic Salmon Open all year for all other Trout and Salmon","7""","10""","10""","5 fish, but no more than 3 trout 15"" or greater"
Allegan,Kalamazoo River,"from Calkins Dam (T2N, R14W, S15) downstream to US-31.",3,Open All Year,Open All Year,"15""","15""","10""","5 fish, but no more than 3 trout 15"" or greater"
Allegan,Middle Branch Black River,"from confuence of Spring Brook Creek (T1N, R15W, S22) downstream to confuence of Main Branch Black River",4,Open All Year,"Last Sat. in April - Sep. 30 for Brook Trout, Brown Trout, and Atlantic Salmon Open all year for all other Trout and Salmon","7""","10""","10""","5 fish, but no more than 3 trout 15"" or greater"
Allegan,North Branch Black River,"from 111th Ave. (T1N, R16W, S3) downstream to confuence with Mainstream.",3,Open All Year,Open All Year,"15""","15""","10""","5 fish, but no more than 3 trout 15"" or greater"
Allegan,Pine Creek Tributary,"from 101st Ave. to confuence with Pine Creek (T1N, R12W, S33).",4,Open All Year,"Last Sat. in April - Sep. 30 for Brook Trout, Brown Trout, and Atlantic Salmon Open all year for all other Trout and Salmon","7""","10""","10""","5 fish, but no more than 3 trout 15"" or greater"
Allegan,Rabbit River Mainstream,"from US-131 Bridge (T4N, R11W, S31) downstream to confuence with Kalamazoo River (T3N, R15W, S16)",4,Open All Year,"Last Sat. in April - Sep. 30 for Brook Trout, Brown Trout, and Atlantic Salmon Open all year for all other Trout and Salmon","7""","10""","10""","5 fish, but no more than 3 trout 15"" or greater"
Allegan,Silver Creek,"from M-89 Bridge (T1N, R11W, S26) downstream to confuence with Kalamazoo River.",2,Last Sat. in April - Sep. 30,Last Sat. in April - Sep. 30,"10""","12""","10""","5 fish, but no more than 3 trout 15"" or greater"
Allegan,Swan Creek,"from 109th Ave. (T1N, R14W, S7) downstream to confuence with Kalamazoo River (T2N, R14W, S9). Hook Restriction: On Swan Creek from mouth upstream to the dam at 118th Ave. it shall be unlawful to use other than one single-pointed unweighted hook measuring 1/2"" or less from point to shank.",4,Open All Year,"Last Sat. in April - Sep. 30 for Brook Trout, Brown Trout, and Atlantic Salmon Open all year for all other Trout and Salmon","7""","10""","10""","5 fish, but no more than 3 trout 15"" or greater"
Alpena,Devils River,from US-23 Bridge downstream to L. Huron.,4,Open All Year,"Last Sat. in April - Sep. 30 for Brook Trout, Brown Trout, and Atlantic Salmon Open all year for all other Trout and Salmon","7""","10""","10""","5 fish, but no more than 3 trout 15"" or greater"
Alpena,Long Lake Creek,downstream limit is L. Huron.,4,Open All Year,"Last Sat. in April - Sep. 30 for Brook Trout, Brown Trout, and Atlantic Salmon Open all year for all other Trout and Salmon","7""","10""","10""","5 fish, but no more than 3 trout 15"" or greater"
Alpena,Thunder Bay River,from Ninth Street Dam downstream to L. Huron,3,Open All Year,Open All Year,"15""","15""","10""","5 fish, but no more than 3 trout 15"" or greater"
Antrim,Clam River,from Clam Lake downstream to the end of the dock at the confuence with Torch Lake.,4,Open All Year,"Last Sat. in April - Sep. 30 for Brook Trout, Brown Trout, and Atlantic Salmon Open all year for all other Trout and Salmon","7""","10""","10""","5 fish, but no more than 3 trout 15"" or greater"
Antrim,Elk River,from Power Dam below Elk Lake downstream to L. Michigan.,3,Open All Year,Open All Year,"15""","15""","10""","5 fish, but no more than 3 trout 15"" or greater"
Antrim,Elk River Bypass,from Bypass Dam downstream to L. Michigan.,4,Open All Year,"Last Sat. in April - Sep. 30 for Brook Trout, Brown Trout, and Atlantic Salmon Open all year for all other Trout and Salmon","7""","10""","10""","5 fish, but no more than 3 trout 15"" or greater"
Antrim,Grass River,from Lake Bellaire downstream to Clam Lake.,4,Open All Year,"Last Sat. in April - Sep. 30 for Brook Trout, Brown Trout, and Atlantic Salmon Open all year for all other Trout and Salmon","7""","10""","10""","5 fish, but no more than 3 trout 15"" or greater"
Antrim,Intermediate River,from Intermediate Dam downstream to Lake Bellaire. SC - Closed to Fishing - April 1 - May 14 Bellaire Dam to Highway M-88 Bridge.,4,Open All Year,"Last Sat. in April - Sep. 30 for Brook Trout, Brown Trout, and Atlantic Salmon Open all year for all other Trout and Salmon","7""","10""","10""","5 fish, but no more than 3 trout 15"" or greater"
Antrim,Jordan River,"from Graves Crossing (T31N, R6W, S32) downstream to Lake Charlevoix.",4,Open All Year,"Last Sat. in April - Sep. 30 for Brook Trout, Brown Trout, and Atlantic Salmon Open all year for all other Trout and Salmon","7""","10""","10""","5 fish, but no more than 3 trout 15"" or greater"
Antrim,Manistee River,from headwaters downstream to CO. Rd. 612.,2,Last Sat. in April - Sep. 30,Last Sat. in April - Sep. 30,"10""","12""","10""","5 fish, but no more than 3 trout 15"" or greater"
Antrim,Torch River,from Torch Lake downstream to Lake Skegemog. Hook Restriction: From May 1 – July 1 on Torch River from the Crystal Beach Rd Bridge downstream to Lake Skegemog including Rapid River up to Aarwood Rd Bridge it shall be unlawful to use other than one single-pointed unweighted hook measuring ½-inch or less from point to shank.,4,Open All Year,"Last Sat. in April - Sep. 30 for Brook Trout, Brown Trout, and Atlantic Salmon Open all year for all other Trout and Salmon","7""","10""","10""","5 fish, but no more than 3 trout 15"" or greater"
Arenac,East Branch Au Gres River (Whitney Drain),from M-55 downstream to Saginaw Bay.,3,Open All Year,Open All Year,"15""","15""","10""","5 fish, but no more than 3 trout 15"" or greater"
Arenac,Rife River,"from Sage Lake Road (T23N, R3E, S22) downstream to Saginaw Bay.",3,Open All Year,Open All Year,"15""","15""","10""","5 fish, but no more than 3 trout 15"" or greater"
Baraga,Big Huron River,"from Big Eric’s Bridge (T52N, R30W, S35) downstream to L. Superior (T52N, R29W, S18).",4 BTRA,Open All Year,"Last Sat. in April - Sep. 30 for Brook Trout, Brown Trout, and Atlantic Salmon Open all year for all other Trout and Salmon","20""","10""","10""","5 fish, but no more than 3 trout 15"" or greater and 1 brook trout"
Baraga,Falls River,from US-41 to L. Superior.,3,Open All Year,Open All Year,"15""","15""","10""","5 fish, but no more than 3 trout 15"" or greater"
Baraga,Otter River,from confuence of N. and W. Br. Otter River downstream to Sturgeon River.,3,Open All Year,Open All Year,"15""","15""","10""","5 fish, but no more than 3 trout 15"" or greater"
Baraga,Ravine River,"from Sicotte Road (T51N, R31W, S2) downstream to Huron Bay (T51N, R31W, S4)",4 BTRA,Open All Year,"Last Sat. in April - Sep. 30 for Brook Trout, Brown Trout, and Atlantic Salmon Open all year for all other Trout and Salmon","20""","10""","10""","5 fish, but no more than 3 trout 15"" or greater and 1 brook trout"
Baraga,Silver River,"from Silver River Falls (T51N, R32W, S26) downstream to Huron Bay (T51N, R31W, S18).",4 BTRA,Open All Year,"Last Sat. in April - Sep. 30 for Brook Trout, Brown Trout, and Atlantic Salmon Open all year for all other Trout and Salmon","20""","10""","10""","5 fish, but no more than 3 trout 15"" or greater and 1 brook trout"
Baraga,Slate River,"from Slate River Falls (1/2 mile upstream from Skanee Road T51N, R31W, S9) downstream to Huron Bay (T51N, R31W, S8).",4 BTRA,Open All Year,"Last Sat. in April - Sep. 30 for Brook Trout, Brown Trout, and Atlantic Salmon Open all year for all other Trout and Salmon","20""","10""","10""","5 fish, but no more than 3 trout 15"" or greater and 1 brook trout"
Baraga,Sturgeon River,from US-41 downstream to Prickett Dam.,2,Last Sat. in April - Sep. 30,Last Sat. in April - Sep. 30,"10""","12""","10""","5 fish, but no more than 3 trout 15"" or greater"
Baraga,Sturgeon River,"from Prickett Dam downstream to L. Superior. SC - Closed to Fishing - April 1 - Jun. 30 from the Prickett Dam downstream to mouth of Clear Creek (T50N, R35W, S12).",3,Open All Year,Open All Year,"15""","15""","10""","5 fish, but no more than 3 trout 15"" or greater"
Barry,Augusta Creek,from Little Gilkey Lake and Fair Lakes outlets downstream to Knappen Mills Dam.,4,Open All Year,"Last Sat. in April - Sep. 30 for Brook Trout, Brown Trout, and Atlantic Salmon Open all year for all other Trout and Salmon","7""","10""","10""","5 fish, but no more than 3 trout 15"" or greater"
Barry,Bassett Creek,from Baker Lake downstream to confuence with Thornapple River,4,Open All Year,"Last Sat. in April - Sep. 30 for Brook Trout, Brown Trout, and Atlantic Salmon Open all year for all other Trout and Salmon","7""","10""","10""","5 fish, but no more than 3 trout 15"" or greater"
Barry,Coldwater River,"from M-43 Bridge (T4N, R8W, S16) downstream to Freeport Road Bridge.",2,Last Sat. in April - Sep. 30,Last Sat. in April - Sep. 30,"10""","12""","10""","5 fish, but no more than 3 trout 15"" or greater"
Barry,Coldwater River,from Freeport Rd. downstream to confuence with Thornapple River.,4,Open All Year,"Last Sat. in April - Sep. 30 for Brook Trout, Brown Trout, and Atlantic Salmon Open all year for all other Trout and Salmon","7""","10""","10""","5 fish, but no more than 3 trout 15"" or greater"
Barry,Turner Creek,"from (T3N, R10W, S23) downstream to confuence with Baker Creek (T3N, R10W, S9).",4,Open All Year,"Last Sat. in April - Sep. 30 for Brook Trout, Brown Trout, and Atlantic Salmon Open all year for all other Trout and Salmon","7""","10""","10""","5 fish, but no more than 3 trout 15"" or greater"
Bay,Saginaw River,,3,Open All Year,Open All Year,"15""","15""","10""","5 fish, but no more than 3 trout 15"" or greater"
Benzie,Betsie River,"from Kurick Rd. downstream to M-22. Year-round —the daily possession limit shall not include more than one (1) Rainbow Trout. SC - Closed to Fishing - Betsie River Homestead Dam - Nov. 16 - July 31 within 100 ft. of the lamprey barrier and fsh passage facility at T25N, R15W, S2. SC - Closed to Fishing - Betsie River Homestead Dam – Aug. 1 – Nov. 15 within 300 ft of lamprey barrier and fsh passage facility. Special Artifcial Lure Regulations: apply Aug. 1 - Nov. 15, see p. 8.",4,Open All Year,"Last Sat. in April - Sep. 30 for Brook Trout, Brown Trout, and Atlantic Salmon Open all year for all other Trout and Salmon","7""","10""","10""","5 fish, but no more than 3 trout 15"" or greater"
Benzie,Otter Creek,"from Otter Lake outlet (T27N, R15W, S13) downstream to L. Michigan.",4,Open All Year,"Last Sat. in April - Sep. 30 for Brook Trout, Brown Trout, and Atlantic Salmon Open all year for all other Trout and Salmon","7""","10""","10""","5 fish, but no more than 3 trout 15"" or greater"
Benzie,Platte River,"from US-31 bridge at Veteran’s Park downstream to L. Michigan. NOTE: The daily possession limit shall not include more than one (1) Rainbow Trout. Hook Restriction: On the Platte River, Benzie Co., it shall be unlawful to use other than one single-pointed unweighted hook measuring 1/2"" or less from point to shank. SC – Closed to Fishing – within 300 ft. of the upper (hatchery) weir infrastructure whenever weir is in place. SC – Closed to Fishing – whenever weir is in place within 300 ft of the lower weir. SC – Closed to Fishing – Jan. 1 – March 31 from US-31 bridge at Veteran’s Park downstream to Platte Lake.",4,Open All Year,"Last Sat. in April - Sep. 30 for Brook Trout, Brown Trout, and Atlantic Salmon Open all year for all other Trout and Salmon","7""","10""","10""","5 fish, but no more than 3 trout 15"" or greater"
Berrien,Blue Creek,,4,Open All Year,"Last Sat. in April - Sep. 30 for Brook Trout, Brown Trout, and Atlantic Salmon Open all year for all other Trout and Salmon","7""","10""","10""","5 fish, but no more than 3 trout 15"" or greater"
Berrien,Dowagiac River (including Dowagiac Drain),from source downstream to confuence with St. Joseph River.,4,Open All Year,"Last Sat. in April - Sep. 30 for Brook Trout, Brown Trout, and Atlantic Salmon Open all year for all other Trout and Salmon","7""","10""","10""","5 fish, but no more than 3 trout 15"" or greater"
Berrien,Galien River Mainstream,downstream limit is L. Michigan.,4,Open All Year,"Last Sat. in April - Sep. 30 for Brook Trout, Brown Trout, and Atlantic Salmon Open all year for all other Trout and Salmon","7""","10""","10""","5 fish, but no more than 3 trout 15"" or greater"
Berrien,"South Branch Galien River Mainstream only,",downstream limit is the confuence with Galien River.,4,Open All Year,"Last Sat. in April - Sep. 30 for Brook Trout, Brown Trout, and Atlantic Salmon Open all year for all other Trout and Salmon","7""","10""","10""","5 fish, but no more than 3 trout 15"" or greater"
Berrien,St. Joseph River,from Indiana state line downstream to L. Michigan.,3,Open All Year,Open All Year,"15""","15""","10""","5 fish, but no more than 3 trout 15"" or greater"
Berrien,Townsend Cr,"(T6S, R17W, S19), and the mouth area of Lake Chapin, to a point 100 yards below the Townsend Cr. mouth into Lake Chapin), Hook Restriction: It is unlawful to use other than one single-pointed, unweighted hook measuring 1/2"" or less from point to shank.",1,Last Sat. in April - Sep. 30,Last Sat. in April - Sep. 30,"7""","8""","10""","5 fish, but no more than 3 trout 15"" or greater"
Branch,Prairie River Mainstream,"from Bowers Road (T8S, R7W, S4) downstream to McKale Road (T7S, R9W, S8).",4,Open All Year,"Last Sat. in April - Sep. 30 for Brook Trout, Brown Trout, and Atlantic Salmon Open all year for all other Trout and Salmon","7""","10""","10""","5 fish, but no more than 3 trout 15"" or greater"
Calhoun,South Branch Rice Creek,from Concord Rd. downstream to confuence with Kalamazoo River.,4,Open All Year,"Last Sat. in April - Sep. 30 for Brook Trout, Brown Trout, and Atlantic Salmon Open all year for all other Trout and Salmon","7""","10""","10""","5 fish, but no more than 3 trout 15"" or greater"
Calhoun,Nottawa Creek,,4,Open All Year,"Last Sat. in April - Sep. 30 for Brook Trout, Brown Trout, and Atlantic Salmon Open all year for all other Trout and Salmon","7""","10""","10""","5 fish, but no more than 3 trout 15"" or greater"
Cass,Curtis Creek and Tributaries,,2,Last Sat. in April - Sep. 30,Last Sat. in April - Sep. 30,"10""","12""","10""","5 fish, but no more than 3 trout 15"" or greater"
Cass,Dowagiac Creek,"from Mckenzie Street (T5S, R14W, S31) downstream to M-62.",2,Last Sat. in April - Sep. 30,Last Sat. in April - Sep. 30,"10""","12""","10""","5 fish, but no more than 3 trout 15"" or greater"
Cass,Mill Creek and Tributaries,"from Preston Road (T7S, R12W, S7) downstream to impoundment at T7S, R12W, S32.",4,Open All Year,"Last Sat. in April - Sep. 30 for Brook Trout, Brown Trout, and Atlantic Salmon Open all year for all other Trout and Salmon","7""","10""","10""","5 fish, but no more than 3 trout 15"" or greater"
Cass,Dowagiac River (including Dowagiac Drain),from source downstream to confuence with St. Joseph River.,4,Open All Year,"Last Sat. in April - Sep. 30 for Brook Trout, Brown Trout, and Atlantic Salmon Open all year for all other Trout and Salmon","7""","10""","10""","5 fish, but no more than 3 trout 15"" or greater"
Charlevoix,Bear River,"from Walloon Lake downstream to northern edge of foot bridge north of Lake Street Hook Restriction: On the Bear River, from the northern edge of foot bridge north of Lake Street upstream to Lake Street Dam (T34N, R5W, S6) it shall be unlawful to use other than one singlepointed unweighted hook measuring 1/2"" or less from point to shank.",4,Open All Year,"Last Sat. in April - Sep. 30 for Brook Trout, Brown Trout, and Atlantic Salmon Open all year for all other Trout and Salmon","7""","10""","10""","5 fish, but no more than 3 trout 15"" or greater"
Charlevoix,Boyne River,"from P. H. (Boyne USA) Dam downstream to Lake Charlevoix. Hook Restriction: On the Boyne River, from the mouth upstream to dam (T32N, R5W, S5) it shall be unlawful to use other than one single-pointed unweighted hook measuring 1/2"" or less from point to shank.",4,Open All Year,"Last Sat. in April - Sep. 30 for Brook Trout, Brown Trout, and Atlantic Salmon Open all year for all other Trout and Salmon","7""","10""","10""","5 fish, but no more than 3 trout 15"" or greater"
Charlevoix,Jordan River,"from Graves Crossing (T31N, R6W, S32) downstream to Lake Charlevoix.",4,Open All Year,"Last Sat. in April - Sep. 30 for Brook Trout, Brown Trout, and Atlantic Salmon Open all year for all other Trout and Salmon","7""","10""","10""","5 fish, but no more than 3 trout 15"" or greater"
Charlevoix,Medusa Creek,"SC - Closed to Fishing - whenever weir is in place. Tributary to L. Michigan (T34N, R8W, S28) and including an area of L. Michigan in a radius of 100 ft from the mouth of Medusa Creek.",,,,,,,
Cheboygan,Cheboygan River,from Cheboygan Dam downstream to L. Huron.,3,Open All Year,Open All Year,"15""","15""","10""","5 fish, but no more than 3 trout 15"" or greater"
Cheboygan,Maple River,from Woodland Rd. in Emmet Co. downstream to mouth.,4,Open All Year,"Last Sat. in April - Sep. 30 for Brook Trout, Brown Trout, and Atlantic Salmon Open all year for all other Trout and Salmon","7""","10""","10""","5 fish, but no more than 3 trout 15"" or greater"
Cheboygan,Mill Creek,,4,Open All Year,"Last Sat. in April - Sep. 30 for Brook Trout, Brown Trout, and Atlantic Salmon Open all year for all other Trout and Salmon","7""","10""","10""","5 fish, but no more than 3 trout 15"" or greater"
Cheboygan,Pigeon River,from Elk Hill Campground Horse Trail to Pine Grove Campground Stairs.,GR,open all year,last Sat. in April – Sep. 30 for Brook Trout and Brown Trout; open all year for Rainbow Trout,"10""","12""","10""",2 trout; with no more than 1 Brown Trout
Cheboygan,Pigeon River,"from Pine Grove Campground Stairs (T33N, R1W, S17) to East Mullet Rd.",4,Open All Year,"Last Sat. in April - Sep. 30 for Brook Trout, Brown Trout, and Atlantic Salmon Open all year for all other Trout and Salmon","7""","10""","10""","5 fish, but no more than 3 trout 15"" or greater"
Cheboygan,Sturgeon River,from Afton Rd. (Also called Webb Rd. or Wolverine Rd.) downstream to mouth at Burt Lake.,4,Open All Year,"Last Sat. in April - Sep. 30 for Brook Trout, Brown Trout, and Atlantic Salmon Open all year for all other Trout and Salmon","7""","10""","10""","5 fish, but no more than 3 trout 15"" or greater"
Chippewa,Albany Creek,from bridge below lamprey weir to L. Huron,4,Open All Year,"Last Sat. in April - Sep. 30 for Brook Trout, Brown Trout, and Atlantic Salmon Open all year for all other Trout and Salmon","7""","10""","10""","5 fish, but no more than 3 trout 15"" or greater"
Chippewa,"Carp River, Mainstream",,4,Open All Year,"Last Sat. in April - Sep. 30 for Brook Trout, Brown Trout, and Atlantic Salmon Open all year for all other Trout and Salmon","7""","10""","10""","5 fish, but no more than 3 trout 15"" or greater"
Chippewa,Halfaday Creek,from Lakeshore Drive downstream to L. Superior.,4,Open All Year,"Last Sat. in April - Sep. 30 for Brook Trout, Brown Trout, and Atlantic Salmon Open all year for all other Trout and Salmon","7""","10""","10""","5 fish, but no more than 3 trout 15"" or greater"
Chippewa,Pendill’s Creek,"from Second Dam (T47N, R4W, S28) downstream to L. Superior.",4,Open All Year,"Last Sat. in April - Sep. 30 for Brook Trout, Brown Trout, and Atlantic Salmon Open all year for all other Trout and Salmon","7""","10""","10""","5 fish, but no more than 3 trout 15"" or greater"
Chippewa,Pine River,from H-40 Bridge downstream to L. Huron.,4,Open All Year,"Last Sat. in April - Sep. 30 for Brook Trout, Brown Trout, and Atlantic Salmon Open all year for all other Trout and Salmon","7""","10""","10""","5 fish, but no more than 3 trout 15"" or greater"
Crawford,Au Sable River Mainstream,"from Business Loop 75 (James St.) downstream to Burton’s Landing (T26N, R3W, S11).",2,Last Sat. in April - Sep. 30,Last Sat. in April - Sep. 30,"10""","12""","10""","5 fish, but no more than 3 trout 15"" or greater"
Crawford,Au Sable River Mainstream,from Burton’s Landing downstream to South Wakeley Bridge Rd. (Wakeley Bridge).,GR,open all year,closed all year; except for children under 12 the possession season is open all year,"8"" Min, 12"" Max","8"" Min, 12"" Max","8"" Min, 12"" Max",zero trout; except children under 12 may keep 1 trout
Crawford,Au Sable River Mainstream,from South Wakeley Bridge Rd. (Wakeley Bridge) to McMasters Bridge Rd. (McMasters Bridge).,GR,open all year,last Sat. in April – Sep. 30 for Brook Trout and Brown Trout; open all year for Rainbow Trout,"10""","18""","10""","2 trout with no more than 1 trout 18"" or greater"
Crawford,Au Sable River Mainstream,"from McMasters Bridge Rd. (McMasters Bridge) downstream to Rainbow Bend power line (T26N, R2E, S3).",4,Open All Year,"Last Sat. in April - Sep. 30 for Brook Trout, Brown Trout, and Atlantic Salmon Open all year for all other Trout and Salmon","7""","10""","10""","5 fish, but no more than 3 trout 15"" or greater"
Crawford,Manistee River,from headwaters downstream to CO. Rd. 612.,2,Last Sat. in April - Sep. 30,Last Sat. in April - Sep. 30,"10""","12""","10""","5 fish, but no more than 3 trout 15"" or greater"
Crawford,Manistee River,from CO. Rd. 612 to M-72.,GR,open all year,last Sat. in April – Sep. 30 for Brook Trout and Brown Trout; open all year for Rainbow Trout,"10""","18""","10""","2 trout; with no more than 1 trout 18"" or greater"
Crawford,Manistee River,"from M-72 downstream to Sunset Trail Rd. (CCC Bridge T26N, R6W, S26).",GR,open all year,last Sat. in April – Sep. 30 for Brook Trout and Brown Trout; open all year for Rainbow Trout,"10""","18""","10""","2 trout; with no more than 1 trout 18"" or greater"
Crawford,North Branch Au Sable River,from Sheep Ranch downstream to confuence with Mainstream.,GR,open all year,last Sat. in April – Sep. 30 for Brook Trout and Brown Trout; open all year for Rainbow Trout,"10""","18""","10""","2 trout with no more than 1 trout 18"" or greater"
Crawford,South Branch Au Sable River,from Chase Bridge Rd. (Chase Bridge) to Lower High Banks,GR,open all year,closed all year; except for children under 12 the possession season is open all year,"8"" Min, 12"" Max","8"" Min, 12"" Max","8"" Min, 12"" Max",zero trout; except children under 12 may keep 1 trout
Crawford,South Branch Au Sable River,from Lower High Banks downstream to confuence with Mainstream.,GR,open all year,last Sat. in April – Sep. 30 for Brook Trout and Brown Trout; open all year for Rainbow Trout,"10""","18""","10""","2 trout with no more than 1 trout 18"" or greater"
Delta,Bark River,"from 9 Road (Section Line Between T38N, R24W, S20 & 29) downstream to L. Michigan.",4,Open All Year,"Last Sat. in April - Sep. 30 for Brook Trout, Brown Trout, and Atlantic Salmon Open all year for all other Trout and Salmon","7""","10""","10""","5 fish, but no more than 3 trout 15"" or greater"
Delta,Big Fishdam River,"from County Road 2222 Bridge (T41N, R18W, S9) downstream to L. Michigan.",4,Open All Year,"Last Sat. in April - Sep. 30 for Brook Trout, Brown Trout, and Atlantic Salmon Open all year for all other Trout and Salmon","7""","10""","10""","5 fish, but no more than 3 trout 15"" or greater"
Delta,Days River,from Highway M-35 Bridge downstream to L. Michigan.,4,Open All Year,"Last Sat. in April - Sep. 30 for Brook Trout, Brown Trout, and Atlantic Salmon Open all year for all other Trout and Salmon","7""","10""","10""","5 fish, but no more than 3 trout 15"" or greater"
Delta,Escanaba River,"from Boney Falls Dam downstream to mouth of Silver Creek (T40N, R23W, S11).",GR,open all year,last Sat. in April - Sep. 30 for Brook Trout and Brown Trout; open all year for Rainbow Trout,"10""","12""","12""",2 trout
Delta,Ford River,"from Northland Truck Trail (T43N, R27W, S35) downstream to L. Michigan.",4,Open All Year,"Last Sat. in April - Sep. 30 for Brook Trout, Brown Trout, and Atlantic Salmon Open all year for all other Trout and Salmon","7""","10""","10""","5 fish, but no more than 3 trout 15"" or greater"
Delta,Rapid River,"from County Road S-15 (T42N, R21W, S19) downstream to L. Michigan.",4,Open All Year,"Last Sat. in April - Sep. 30 for Brook Trout, Brown Trout, and Atlantic Salmon Open all year for all other Trout and Salmon","7""","10""","10""","5 fish, but no more than 3 trout 15"" or greater"
Delta,Sturgeon River,"from County Road 442 Bridge (T42N, R20W, S13) downstream to L. Michigan.",4,Open All Year,"Last Sat. in April - Sep. 30 for Brook Trout, Brown Trout, and Atlantic Salmon Open all year for all other Trout and Salmon","7""","10""","10""","5 fish, but no more than 3 trout 15"" or greater"
Delta,Tacoosh River,from 29th Lane (County Road G-24) downstream to L. Michigan.,4,Open All Year,"Last Sat. in April - Sep. 30 for Brook Trout, Brown Trout, and Atlantic Salmon Open all year for all other Trout and Salmon","7""","10""","10""","5 fish, but no more than 3 trout 15"" or greater"
Delta,Whitefsh River,"from 38th Road (U.S.F.S. 2236) downstream to US-2 bridge in T41N, R21W, S28. Year-round -the daily possession limit shall not include more than one (1) Rainbow Trout.",4,Open All Year,"Last Sat. in April - Sep. 30 for Brook Trout, Brown Trout, and Atlantic Salmon Open all year for all other Trout and Salmon","7""","10""","10""","5 fish, but no more than 3 trout 15"" or greater"
Dickinson,Ford River,"from Northland Truck Trail (T43N, R27W, S35) downstream to L. Michigan.",4,Open All Year,"Last Sat. in April - Sep. 30 for Brook Trout, Brown Trout, and Atlantic Salmon Open all year for all other Trout and Salmon","7""","10""","10""","5 fish, but no more than 3 trout 15"" or greater"
Eaton,Sebewa Creek and Tributaries,,4,Open All Year,"Last Sat. in April - Sep. 30 for Brook Trout, Brown Trout, and Atlantic Salmon Open all year for all other Trout and Salmon","7""","10""","10""","5 fish, but no more than 3 trout 15"" or greater"
Emmet,Bear River,"from Walloon Lake downstream to northern edge of foot bridge north of Lake Street. Hook Restriction:On the Bear River, from the northern edge of foot bridge north of Lake Street upstream to Lake Street Dam (T34N, R5W, S6) it shall be unlawful to use other than one single-pointed unweighted hook measuring 1/2"" or less from point to shank.",4,Open All Year,"Last Sat. in April - Sep. 30 for Brook Trout, Brown Trout, and Atlantic Salmon Open all year for all other Trout and Salmon","7""","10""","10""","5 fish, but no more than 3 trout 15"" or greater"
Emmet,Carp Lake River,"from Bridge in (T39N, R4W, S32) downstream to L. Michigan.",3,Open All Year,Open All Year,"15""","15""","10""","5 fish, but no more than 3 trout 15"" or greater"
Emmet,Maple River,"from Woodland Rd., Emmet Co. downstream to mouth.",4,Open All Year,"Last Sat. in April - Sep. 30 for Brook Trout, Brown Trout, and Atlantic Salmon Open all year for all other Trout and Salmon","7""","10""","10""","5 fish, but no more than 3 trout 15"" or greater"
Gladwin,North Branch Cedar River,"from (T20N, R2W, S2) downstream to confuence with Cedar River (T19N, R2W, S20).",4,Open All Year,"Last Sat. in April - Sep. 30 for Brook Trout, Brown Trout, and Atlantic Salmon Open all year for all other Trout and Salmon","7""","10""","10""","5 fish, but no more than 3 trout 15"" or greater"
Gogebic,Big Carp River,"from a point 100 yards downstream of Bathtub Falls (T50N, R45W, S1) to L. Superior.",3,Open All Year,Open All Year,"15""","15""","10""","5 fish, but no more than 3 trout 15"" or greater"
Gogebic,Black River,"from Rainbow Falls (T49N, R46W, S10) downstream to L. Superior.",3,Open All Year,Open All Year,"15""","15""","10""","5 fish, but no more than 3 trout 15"" or greater"
Gogebic,Black River,from US-2 downstream to Rainbow Falls.,2,Last Sat. in April - Sep. 30,Last Sat. in April - Sep. 30,"10""","12""","10""","5 fish, but no more than 3 trout 15"" or greater"
Gogebic,Duck Creek,"from Railroad Bridge (T44N, R39W, S16) to confuence with Middle Branch Ontonagon River.",GR,open all year,last Sat. in April - Sep. 30 for Brook Trout and Brown Trout; open all year for Rainbow Trout,"10""","10""","10""",2 trout
Gogebic,Little Carp River,"from Traders Falls (T50N, R45W, S2) downstream to L. Superior.",3,Open All Year,Open All Year,"15""","15""","10""","5 fish, but no more than 3 trout 15"" or greater"
Gogebic,Maple Creek,"from Bridge in (T49N, R46W, S18) downstream to L. Superior.",3,Open All Year,Open All Year,"15""","15""","10""","5 fish, but no more than 3 trout 15"" or greater"
Gogebic,Middle Branch Ontonagon River,downstream limit is Agate Falls.,2,Last Sat. in April - Sep. 30,Last Sat. in April - Sep. 30,"10""","12""","10""","5 fish, but no more than 3 trout 15"" or greater"
Gogebic,Omans Creek,from County Road 505 downstream to L. Superior.,3,Open All Year,Open All Year,"15""","15""","10""","5 fish, but no more than 3 trout 15"" or greater"
Gogebic,Presque Isle River,from Manabezho Falls to L. Superior.,3,Open All Year,Open All Year,"15""","15""","10""","5 fish, but no more than 3 trout 15"" or greater"
Grand Traverse,Boardman River,from Beitner Rd. downstream to L. Michigan. SC - Closed to Fishing - Whenever weir is in place from the downstream side of the Front Street Bridge to the upstream side of the pedestrian bridge in the vicinity of the Boardman River weir in Traverse City.,4,Open All Year,"Last Sat. in April - Sep. 30 for Brook Trout, Brown Trout, and Atlantic Salmon Open all year for all other Trout and Salmon","7""","10""","10""","5 fish, but no more than 3 trout 15"" or greater"
Houghton,Portage/Torch Lake system,"(including the Portage River, Portage Canal, North Entry and South Entry.",BTRA,Open All Year,Open All Year,"20""","10""","10""","5 fish, but no more than 3 trout 15"" or greater and 1 brook trout"
Houghton,Big Traverse River,upstream limit is Gay-Lake Linden Road.,3,Open All Year,Open All Year,"15""","15""","10""","5 fish, but no more than 3 trout 15"" or greater"
Houghton,East Branch Ontonagon River,upstream limit is Hwy. M-28.,3,Open All Year,Open All Year,"15""","15""","10""","5 fish, but no more than 3 trout 15"" or greater"
Houghton,Elm River,"from Road Bridge between (T53N, R36W, S3 &10) downstream to L. Superior.",4,Open All Year,"Last Sat. in April - Sep. 30 for Brook Trout, Brown Trout, and Atlantic Salmon Open all year for all other Trout and Salmon","7""","10""","10""","5 fish, but no more than 3 trout 15"" or greater"
Houghton,Graveraet River,"from mouth of Deer Creek (T54N, R36W, S2) downstream to L. Superior.",4,Open All Year,"Last Sat. in April - Sep. 30 for Brook Trout, Brown Trout, and Atlantic Salmon Open all year for all other Trout and Salmon","7""","10""","10""","5 fish, but no more than 3 trout 15"" or greater"
Houghton,Little Elm River,"from Agate Beach Road (T53N, R36W, S6) downstream to L. Superior.",4,Open All Year,"Last Sat. in April - Sep. 30 for Brook Trout, Brown Trout, and Atlantic Salmon Open all year for all other Trout and Salmon","7""","10""","10""","5 fish, but no more than 3 trout 15"" or greater"
Houghton,Otter River,from confuence of N. and W. Br. Otter River downstream to Sturgeon River.,3,Open All Year,Open All Year,"15""","15""","10""","5 fish, but no more than 3 trout 15"" or greater"
Houghton,Pilgrim River,"from Hwy US-41 downstream to Portage L. (T54N, R33W, S5).",3 BTRA,Open All Year,Open All Year,"20""","15""","10""","5 fish, but no more than 3 trout 15"" or greater and 1 brook trout"
Houghton,Pilgrim River and tributaries,from the headwaters downstream to Hwy US-41.,1 BTRA,Last Sat. in April - Sep. 30,Last Sat. in April - Sep. 30,"20""","8""","10""","5 fish, but no more than 3 trout 15"" or greater and 1 brook trout"
Houghton,Salmon Trout River,from Redridge Dam downstream to L. Superior.,3,Open All Year,Open All Year,"15""","15""","10""","5 fish, but no more than 3 trout 15"" or greater"
Houghton,South Branch Elm River,"from bridge (T54N, R36W, S29 & S32) downstream to L. Superior.",4,Open All Year,"Last Sat. in April - Sep. 30 for Brook Trout, Brown Trout, and Atlantic Salmon Open all year for all other Trout and Salmon","7""","10""","10""","5 fish, but no more than 3 trout 15"" or greater"
Houghton,Sturgeon River,from US-41 downstream to Prickett Dam.,2,Last Sat. in April - Sep. 30,Last Sat. in April - Sep. 30,"10""","12""","10""","5 fish, but no more than 3 trout 15"" or greater"
Houghton,Sturgeon River,"from Prickett Dam downstream to L. Superior. SC - Closed to Fishing - April 1 - June 30 from the Prickett Dam downstream to mouth of Clear Creek (T50N, R35W, S12).",3,Open All Year,Open All Year,"15""","15""","10""","5 fish, but no more than 3 trout 15"" or greater"
Houghton,Trap Rock River,"upstream limit is Cemetery Road (T56N, R32W, S29).",4,Open All Year,"Last Sat. in April - Sep. 30 for Brook Trout, Brown Trout, and Atlantic Salmon Open all year for all other Trout and Salmon","7""","10""","10""","5 fish, but no more than 3 trout 15"" or greater"
Huron,Bird Creek,,3,Open All Year,Open All Year,"15""","15""","10""","5 fish, but no more than 3 trout 15"" or greater"
Huron,Pigeon River,,3,Open All Year,Open All Year,"15""","15""","10""","5 fish, but no more than 3 trout 15"" or greater"
Huron,Pinnebog River,,3,Open All Year,Open All Year,"15""","15""","10""","5 fish, but no more than 3 trout 15"" or greater"
Ionia,Fish Creek,"from Sidney Rd. (T10N, R6W, S20) downstream to confuence with Maple River.",4,Open All Year,"Last Sat. in April - Sep. 30 for Brook Trout, Brown Trout, and Atlantic Salmon Open all year for all other Trout and Salmon","7""","10""","10""","5 fish, but no more than 3 trout 15"" or greater"
Ionia,Prairie Creek,Year-round — the daily possession limit shall not include more than one (1) Rainbow Trout.,4,Open All Year,"Last Sat. in April - Sep. 30 for Brook Trout, Brown Trout, and Atlantic Salmon Open all year for all other Trout and Salmon","7""","10""","10""","5 fish, but no more than 3 trout 15"" or greater"
Ionia,Sebewa Creek and Tributaries,,4,Open All Year,"Last Sat. in April - Sep. 30 for Brook Trout, Brown Trout, and Atlantic Salmon Open all year for all other Trout and Salmon","7""","10""","10""","5 fish, but no more than 3 trout 15"" or greater"
Iosco,Au Sable River Mainstream,"from Foote Dam downstream to L. Huron. SC - Closed to Fishing - Year-round, from Foote Dam to the downstream edge of the apron of the dam.",3,Open All Year,Open All Year,"15""","15""","10""","5 fish, but no more than 3 trout 15"" or greater"
Iosco,Au Sable River Mainstream,Alcona Dam to S. Br. River.,4,Open All Year,"Last Sat. in April - Sep. 30 for Brook Trout, Brown Trout, and Atlantic Salmon Open all year for all other Trout and Salmon","7""","10""","10""","5 fish, but no more than 3 trout 15"" or greater"
Iosco,East Branch Au Gres River (Whitney Drain),"from M-55 downstream to Saginaw Bay SC - Closed to Fishing - Dec. 1 - Friday before last Saturday in April between DNR lamprey weir and Legget Road (T21N, R6E, S10).",3,Open All Year,Open All Year,"15""","15""","10""","5 fish, but no more than 3 trout 15"" or greater"
Iosco,Pine River,from F-41 downstream to Lake Huron.,3,Open All Year,Open All Year,"15""","15""","10""","5 fish, but no more than 3 trout 15"" or greater"
Iosco,Tawas River,,3,Open All Year,Open All Year,"15""","15""","10""","5 fish, but no more than 3 trout 15"" or greater"
Iosco,Van Etten Creek,from Van Etten Lake downstream to mouth.,3,Open All Year,Open All Year,"15""","15""","10""","5 fish, but no more than 3 trout 15"" or greater"
Iron,Cooks Run,"from US Forest Hwy 16 to confuence with S. Br. Paint River (T44N, R36W, S28).",GR,open all year,closed; except for children under 12 the possession season is open,"8"" Min, 12"" Max","8"" Min, 12"" Max","8"" Min, 12"" Max",zero trout; except children under 12 may keep 1 trout
Iron,"Paint River, South Branch","from the Mouth of Cooks Run (T44N, R36W, S28) to the Mouth of the N. Br. of the Paint River (T44N, R35W, S8).",GR,open all year,closed; except for children under 12 the possession season is open,"8"" Min, 12"" Max","8"" Min, 12"" Max","8"" Min, 12"" Max",zero trout; except children under 12 may keep 1 trout
Isabella,Chippewa River,"from Outlet of Lake Isabella, (T15N, R6W, S35) Isabella Co. downstream to confuence with the Tittabawassee River, (T14N, R2E, S21), Midland Co.",3,Open All Year,Open All Year,"15""","15""","10""","5 fish, but no more than 3 trout 15"" or greater"
Jackson,South Branch Rice Creek,from Concord Rd. downstream to confuence with Kalamazoo River.,4,Open All Year,"Last Sat. in April - Sep. 30 for Brook Trout, Brown Trout, and Atlantic Salmon Open all year for all other Trout and Salmon","7""","10""","10""","5 fish, but no more than 3 trout 15"" or greater"
Kalamazoo,Augusta Creek,from Little Gilkey Lake and Fair Lakes outlets downstream to Knappen Mills Dam.,4,Open All Year,"Last Sat. in April - Sep. 30 for Brook Trout, Brown Trout, and Atlantic Salmon Open all year for all other Trout and Salmon","7""","10""","10""","5 fish, but no more than 3 trout 15"" or greater"
Kalamazoo,Portage Creek,"downstream limit is Kilgore Rd. (T3S, R11W, S3).",4,Open All Year,"Last Sat. in April - Sep. 30 for Brook Trout, Brown Trout, and Atlantic Salmon Open all year for all other Trout and Salmon","7""","10""","10""","5 fish, but no more than 3 trout 15"" or greater"
Kalamazoo,Silver Creek,"from M-89 Bridge (T1N, R11W, S26) downstream to confuence with Kalamazoo River.",2,Last Sat. in April - Sep. 30,Last Sat. in April - Sep. 30,"10""","12""","10""","5 fish, but no more than 3 trout 15"" or greater"
Kalkaska,Manistee River,"from M-72 downstream to Sunset Trail Rd. (CCC Bridge T26N, R6W, S26).",GR,open all year,last Sat. in April – Sep. 30 for Brook Trout and Brown Trout; open all year for Rainbow Trout,"10""","18""","10""","2 trout; with no more than 1 trout 18"" or greater"
Kalkaska,Manistee River,"from Sunset Trail Rd. (CCC Bridge T26N, R6W, S26) downstream to M-115.",4,Open All Year,"Last Sat. in April - Sep. 30 for Brook Trout, Brown Trout, and Atlantic Salmon Open all year for all other Trout and Salmon","7""","10""","10""","5 fish, but no more than 3 trout 15"" or greater"
Kalkaska,Rapid River,"from Antrim (Rugg) Pond downstream to Torch River. Hook Restriction: from May 1 – July 1, on Torch River from the Crystal Beach Rd Bridge downstream to Lake Skegemog including Rapid River up to Aarwood Rd Bridge it shall be unlawful to use other than one single-pointed unweighted hook measuring ½-inch or less from point to shank.",4,Open All Year,"Last Sat. in April - Sep. 30 for Brook Trout, Brown Trout, and Atlantic Salmon Open all year for all other Trout and Salmon","7""","10""","10""","5 fish, but no more than 3 trout 15"" or greater"
Kalkaska,Torch River,"from Torch Lake downstream to Lake Skegemog. Hook Restriction: from May 1 – July 1, on Torch River from the Crystal Beach Rd Bridge downstream to Lake Skegemog including Rapid River up to Aarwood Rd Bridge it shall be unlawful to use other than one single-pointed unweighted hook measuring ½-inch or less from point to shank.",4,Open All Year,"Last Sat. in April - Sep. 30 for Brook Trout, Brown Trout, and Atlantic Salmon Open all year for all other Trout and Salmon","7""","10""","10""","5 fish, but no more than 3 trout 15"" or greater"
Kent,Ball Creek,downstream limit is confuence with Rogue River.,4,Open All Year,"Last Sat. in April - Sep. 30 for Brook Trout, Brown Trout, and Atlantic Salmon Open all year for all other Trout and Salmon","7""","10""","10""","5 fish, but no more than 3 trout 15"" or greater"
Kent,Buck Creek,downstream limit is confuence with Grand River.,4,Open All Year,"Last Sat. in April - Sep. 30 for Brook Trout, Brown Trout, and Atlantic Salmon Open all year for all other Trout and Salmon","7""","10""","10""","5 fish, but no more than 3 trout 15"" or greater"
Kent,Coldwater River,from Freeport Rd. downstream to confuence with Thornapple River.,4,Open All Year,"Last Sat. in April - Sep. 30 for Brook Trout, Brown Trout, and Atlantic Salmon Open all year for all other Trout and Salmon","7""","10""","10""","5 fish, but no more than 3 trout 15"" or greater"
Kent,Nash Creek,downstream limit is confuence with Rogue River.,4,Open All Year,"Last Sat. in April - Sep. 30 for Brook Trout, Brown Trout, and Atlantic Salmon Open all year for all other Trout and Salmon","7""","10""","10""","5 fish, but no more than 3 trout 15"" or greater"
Kent,Rogue River,"downstream limit is confuence with Grand River. Year-round — From Rockford Dam downstream to confuence with Grand River — the daily possession limit for Type 4 still applies with up to fve (5) Rainbow Trout allowed in the daily possession limit, no more than three (3) trout 15"" or greater and shall not include more than one (1) Rainbow Trout 20 inches or greater.",4,Open All Year,"Last Sat. in April - Sep. 30 for Brook Trout, Brown Trout, and Atlantic Salmon Open all year for all other Trout and Salmon","7""","10""","10""","5 fish, but no more than 3 trout 15"" or greater"
Keweenaw,Big Traverse River,upstream limit is Gay-Lake Linden Road.,3,Open All Year,Open All Year,"15""","15""","10""","5 fish, but no more than 3 trout 15"" or greater"
Keweenaw,Eagle River,upstream limit is dam at Eagle River Village.,4,Open All Year,"Last Sat. in April - Sep. 30 for Brook Trout, Brown Trout, and Atlantic Salmon Open all year for all other Trout and Salmon","7""","10""","10""","5 fish, but no more than 3 trout 15"" or greater"
Keweenaw,Fanny Hooe River,upstream limit is Lake Fanny Hooe.,4,Open All Year,"Last Sat. in April - Sep. 30 for Brook Trout, Brown Trout, and Atlantic Salmon Open all year for all other Trout and Salmon","7""","10""","10""","5 fish, but no more than 3 trout 15"" or greater"
Keweenaw,Gratiot River,"from Bridge (T57N, R32W, S19,20) downstream to L. Superior.",4,Open All Year,"Last Sat. in April - Sep. 30 for Brook Trout, Brown Trout, and Atlantic Salmon Open all year for all other Trout and Salmon","7""","10""","10""","5 fish, but no more than 3 trout 15"" or greater"
Keweenaw,Silver Creek,"upstream limit is Falls (T58N, R32W, S26).",4,Open All Year,"Last Sat. in April - Sep. 30 for Brook Trout, Brown Trout, and Atlantic Salmon Open all year for all other Trout and Salmon","7""","10""","10""","5 fish, but no more than 3 trout 15"" or greater"
Keweenaw,Silver River,upstream limit is Hwy M-26.,4,Open All Year,"Last Sat. in April - Sep. 30 for Brook Trout, Brown Trout, and Atlantic Salmon Open all year for all other Trout and Salmon","7""","10""","10""","5 fish, but no more than 3 trout 15"" or greater"
Keweenaw,Tobacco River,upstream limit is mouth of Black Brook Creek.,4,Open All Year,"Last Sat. in April - Sep. 30 for Brook Trout, Brown Trout, and Atlantic Salmon Open all year for all other Trout and Salmon","7""","10""","10""","5 fish, but no more than 3 trout 15"" or greater"
Lake,Little Manistee River,"from North Peacock Trail (Spencer’s Bridge T19N, R13W, S5) to Johnson’s Road (Johnson’s Bridge T20N, R14W, S24). SC - Closed to Fishing - Jan. 1 - Mar. 31 - from a point 300 feet upstream of the DNR weir to Spencer’s Bridge.",GR,April 1 – Dec. 31,last Sat. in April – Sep. 30 for Brook Trout and Brown Trout; open April 1 – Dec. 31 for all other trout and salmon,"10""","15""","10""","2 fsh, any combination of trout and salmon"
Lake,Little Manistee River,"from Johnson Rd. (Johnson’s Bridge) downstream to the boundary with Manistee Lake, which is defned as the power line crossing downstream of Stronach Road Bridge (also referred to as Water Street on some maps). SC - Closed to Fishing - Jan. 1 - Mar. 31 - from a point 300 ft. upstream of the DNR weir to Spencer’s Bridge. Year-round — from Johnson Rd downstream to 300 feet above the Little Manistee River Weir — the daily possession limit shall not include more than one (1) Rainbow Trout. Special Artifcial Lure Regulations: apply Aug. 1 - Nov. 15, see p. 8.",4,Open All Year,"Last Sat. in April - Sep. 30 for Brook Trout, Brown Trout, and Atlantic Salmon Open all year for all other Trout and Salmon","7""","10""","10""","5 fish, but no more than 3 trout 15"" or greater"
Lake,Pere Marquette River,from M-37 to the downstream edge of the boat ramp/slide at Gleason’s Landing.,GR,open all year,closed all year; except for children under 12 the possession season is open all year,"8"" Min, 12"" Max","8"" Min, 12"" Max","8"" Min, 12"" Max",zero trout and salmon; except children under 12 may keep 1 trout or salmon
Lake,Pere Marquette River,"from the downstream edge of the boat ramp/slide at Gleason’s Landing to the upstream edge of the boat ramp at Rainbow Rapids. Special Artifcial Lure Regulations: apply Aug. 1 - Nov. 15, see p. 8.",GR,open all year,last Sat. in April –Aug. 31,"8""","8""","10""","2 trout or salmon; with no more than 1 Brown Trout 18"" or greater, and no more than 1 Rainbow Trout"
Lake,Pere Marquette River,"from the upstream edge of the boat ramp at Rainbow Rapids (T18N, R14W, S27) downstream to Reek Rd. (Indian Bridge). Year-round — the daily possession limit shall not include more than one (1) Rainbow Trout. Special Artifcial Lure Regulations: apply Aug. 1 - Nov. 15, see p. 8.",4,Open All Year,"Last Sat. in April - Sep. 30 for Brook Trout, Brown Trout, and Atlantic Salmon Open all year for all other Trout and Salmon","7""","10""","10""","5 fish, but no more than 3 trout 15"" or greater"
Lake,Pine River,from Elm Flats Public Access Site to confuence with Tippy Dam backwaters.,2,Last Sat. in April - Sep. 30,Last Sat. in April - Sep. 30,"10""","12""","10""","5 fish, but no more than 3 trout 15"" or greater"
Lapeer,Belle River,,4,Open All Year,"Last Sat. in April - Sep. 30 for Brook Trout, Brown Trout, and Atlantic Salmon Open all year for all other Trout and Salmon","7""","10""","10""","5 fish, but no more than 3 trout 15"" or greater"
Leelanau,Crystal River,from Fisher Dam downstream to L. Michigan.,3,Open All Year,Open All Year,"15""","15""","10""","5 fish, but no more than 3 trout 15"" or greater"
Leelanau,Leland (Carp) River,,3,Open All Year,Open All Year,"15""","15""","10""","5 fish, but no more than 3 trout 15"" or greater"
Leelanau,Shalda Creek,"from Little Traverse Lake outlet (T29N, R13W, S10) downstream to L. Michigan.",4,Open All Year,"Last Sat. in April - Sep. 30 for Brook Trout, Brown Trout, and Atlantic Salmon Open all year for all other Trout and Salmon","7""","10""","10""","5 fish, but no more than 3 trout 15"" or greater"
Luce,Blind Sucker River,upstream limit is Blind Sucker Flooding Dam.,4,Open All Year,"Last Sat. in April - Sep. 30 for Brook Trout, Brown Trout, and Atlantic Salmon Open all year for all other Trout and Salmon","7""","10""","10""","5 fish, but no more than 3 trout 15"" or greater"
Luce,Two-Hearted River,from Co. Rd. 407 (High Bridge) downstream to L. Superior.,4,Open All Year,"Last Sat. in April - Sep. 30 for Brook Trout, Brown Trout, and Atlantic Salmon Open all year for all other Trout and Salmon","7""","10""","10""","5 fish, but no more than 3 trout 15"" or greater"
Mackinac,Black River,upstream limit is Peters Truck Trail Footbridge.,4,Open All Year,"Last Sat. in April - Sep. 30 for Brook Trout, Brown Trout, and Atlantic Salmon Open all year for all other Trout and Salmon","7""","10""","10""","5 fish, but no more than 3 trout 15"" or greater"
Mackinac,Brevoort River,upstream limit is Brevoort Lake.,4,Open All Year,"Last Sat. in April - Sep. 30 for Brook Trout, Brown Trout, and Atlantic Salmon Open all year for all other Trout and Salmon","7""","10""","10""","5 fish, but no more than 3 trout 15"" or greater"
Mackinac,Carp River Mainstream,,4,Open All Year,"Last Sat. in April - Sep. 30 for Brook Trout, Brown Trout, and Atlantic Salmon Open all year for all other Trout and Salmon","7""","10""","10""","5 fish, but no more than 3 trout 15"" or greater"
Mackinac,Crow River,upstream limit is outfall of Amadon Pond.,4,Open All Year,"Last Sat. in April - Sep. 30 for Brook Trout, Brown Trout, and Atlantic Salmon Open all year for all other Trout and Salmon","7""","10""","10""","5 fish, but no more than 3 trout 15"" or greater"
Mackinac,Milakokia River,"Inland-Limstone Co. Railroad Bridge (T41N, R13W, S1) downstream to L. Michigan.",4,Open All Year,"Last Sat. in April - Sep. 30 for Brook Trout, Brown Trout, and Atlantic Salmon Open all year for all other Trout and Salmon","7""","10""","10""","5 fish, but no more than 3 trout 15"" or greater"
Mackinac,Millecoquins River,from H-40 bridge downstream to L. Michigan.,4,Open All Year,"Last Sat. in April - Sep. 30 for Brook Trout, Brown Trout, and Atlantic Salmon Open all year for all other Trout and Salmon","7""","10""","10""","5 fish, but no more than 3 trout 15"" or greater"
Mackinac,Pine River,from H-40 Bridge downstream to L. Huron.,4,Open All Year,"Last Sat. in April - Sep. 30 for Brook Trout, Brown Trout, and Atlantic Salmon Open all year for all other Trout and Salmon","7""","10""","10""","5 fish, but no more than 3 trout 15"" or greater"
Macomb,Clinton River,from Yates Dam above Dequindre Rd. downstream to Lake St. Clair.,4,Open All Year,"Last Sat. in April - Sep. 30 for Brook Trout, Brown Trout, and Atlantic Salmon Open all year for all other Trout and Salmon","7""","10""","10""","5 fish, but no more than 3 trout 15"" or greater"
Macomb,North Branch Clinton River,from 32 Mile Rd. downstream to confuence with Clinton River.,4,Open All Year,"Last Sat. in April - Sep. 30 for Brook Trout, Brown Trout, and Atlantic Salmon Open all year for all other Trout and Salmon","7""","10""","10""","5 fish, but no more than 3 trout 15"" or greater"
Manistee,Bear Creek,"from County Road 600 (T23N, 14W, S6) downstream to confluence with Manistee River. Year-round — the daily possession limit shall not include more than one (1) Rainbow Trout. Special Artifcial Lure Regulations: apply Aug. 1 - Nov. 15, see p. 8.",3,Open All Year,Open All Year,"15""","15""","10""","5 fish, but no more than 3 trout 15"" or greater"
Manistee,Betsie River,"from Kurick Rd. downstream to M-22. Year-round — the daily possession limit shall not include more than one (1) Rainbow Trout. Special Artifcial Lure Regulations: apply Aug. 1 - Nov. 15, see p. 8.",4,Open All Year,"Last Sat. in April - Sep. 30 for Brook Trout, Brown Trout, and Atlantic Salmon Open all year for all other Trout and Salmon","7""","10""","10""","5 fish, but no more than 3 trout 15"" or greater"
Manistee,Bowens Creek,from St. Pierre Road downstream to M-22.,4,Open All Year,"Last Sat. in April - Sep. 30 for Brook Trout, Brown Trout, and Atlantic Salmon Open all year for all other Trout and Salmon","7""","10""","10""","5 fish, but no more than 3 trout 15"" or greater"
Manistee,Little Manistee River,"from Johnson Rd. (Johnson’s Bridge) downstream to the boundary with Manistee Lake, which is defned as the power line crossing downstream of Stronach Road Bridge (also referred to as Water Street on some maps). SC - Closed to Fishing - Sep. 1 - Nov. 14 and Jan. 1 - March 31 from a point 300 feet downstream from the DNR weir in T21N, R16W, S25 down to the boundary with Manistee Lake, which is defned as the power line crossing downstream of Stronach Road Bridge (also referred to as Water Street on some maps). SC - Closed to Fishing - Year-round within 300 feet of the DNR weir, T21N, R16W, S25. SC - Closed to Fishing - Jan. 1 - March 31 from a point 300 feet upstream of the DNR weir to Spencer’s Bridge. Year-round — from Johnson Rd downstream to 300 feet above the Little Manistee River Weir the daily possession limit shall not include more than one (1) Rainbow Trout. NOTE: The daily possession limit shall not include more than one (1) Rainbow Trout from 300’ downstream of Little Manistee River Weir down to the boundary with Manistee Lake, which is defned as the power line crossing downstream of Stronach Road Bridge (also referred to as Water Street on some maps). Special Artifcial Lure Regulations: apply Aug. 1 - Nov. 15, see p. 8.",4,Open All Year,"Last Sat. in April - Sep. 30 for Brook Trout, Brown Trout, and Atlantic Salmon Open all year for all other Trout and Salmon","7""","10""","10""","5 fish, but no more than 3 trout 15"" or greater"
Manistee,Manistee River,from Hodenpyl Reservoir downstream to Red Bridge.,4,Open All Year,"Last Sat. in April - Sep. 30 for Brook Trout, Brown Trout, and Atlantic Salmon Open all year for all other Trout and Salmon","7""","10""","10""","5 fish, but no more than 3 trout 15"" or greater"
Manistee,Manistee River,"from Tippy Dam downstream to Railroad Bridge below M-55 (T21N, R16W, S6). Year-round — the daily possession limit shall not include more than one (1) Rainbow Trout. Special Artifcial Lure Regulations: apply Aug. 1 - Nov. 15, see p. 8.",3,Open All Year,Open All Year,"15""","15""","10""","5 fish, but no more than 3 trout 15"" or greater"
Manistee,Pine River,from Elm Flats Public Access Site to confuence with Tippy Dam backwaters.,2,Last Sat. in April - Sep. 30,Last Sat. in April - Sep. 30,"10""","12""","10""","5 fish, but no more than 3 trout 15"" or greater"
Marquette,Big Garlic River Mainstream,"from Forks (T49N, R27W, S12) downstream to County Road 550 (T50N, R26W, S33)",4,Open All Year,"Last Sat. in April - Sep. 30 for Brook Trout, Brown Trout, and Atlantic Salmon Open all year for all other Trout and Salmon","7""","10""","10""","5 fish, but no more than 3 trout 15"" or greater"
Marquette,Big Garlic River tributaries,"from County Road 550 (T50N, R26W, S33) downstream to L. Superior (T50N, R26W, S21).",1 BTRA,Last Sat. in April - Sep. 30,Last Sat. in April - Sep. 30,"20""","8""","10""","5 fish, but no more than 3 trout 15"" or greater and 1 brook trout"
Marquette,Big Huron River,"from Big Eric’s Bridge (T52N, R30W, S35) downstream to L. Superior (T52N, R29W, S18).",4 BTRA,Open All Year,"Last Sat. in April - Sep. 30 for Brook Trout, Brown Trout, and Atlantic Salmon Open all year for all other Trout and Salmon","20""","10""","10""","5 fish, but no more than 3 trout 15"" or greater and 1 brook trout"
Marquette,Carp River,"from Deer Lake Dam (T48N, R27W, S27) downstream to Morgan Creek.",2,Last Sat. in April - Sep. 30,Last Sat. in April - Sep. 30,"10""","12""","10""","5 fish, but no more than 3 trout 15"" or greater"
Marquette,Carp River,from Morgan Creek downstream to L. Superior. Year-round — the daily possession limit shall not include more than one (1) Rainbow Trout.,3,Open All Year,Open All Year,"15""","15""","10""","5 fish, but no more than 3 trout 15"" or greater"
Marquette,Chocolay River,"from confuence of Big Creek (T47N, R24W, S9) downstream to L. Superior",3,Open All Year,Open All Year,"15""","15""","10""","5 fish, but no more than 3 trout 15"" or greater"
Marquette,Ford River,"from T43N, R27W, S33 (Dickinson Co.) downstream to L. Michigan.",4,Open All Year,"Last Sat. in April - Sep. 30 for Brook Trout, Brown Trout, and Atlantic Salmon Open all year for all other Trout and Salmon","7""","10""","10""","5 fish, but no more than 3 trout 15"" or greater"
Marquette,Harlow Creek,"from Railroad Bridge (T49N, R26W, S24) downstream to L. Superior.",4,Open All Year,"Last Sat. in April - Sep. 30 for Brook Trout, Brown Trout, and Atlantic Salmon Open all year for all other Trout and Salmon","7""","10""","10""","5 fish, but no more than 3 trout 15"" or greater"
Marquette,Iron River,"from Lake Independence Dam (T51N, R27W, S13) downstream to L. Superior (T51N, R26W, S18).",4 BTRA,Open All Year,"Last Sat. in April - Sep. 30 for Brook Trout, Brown Trout, and Atlantic Salmon Open all year for all other Trout and Salmon","20""","10""","10""","5 fish, but no more than 3 trout 15"" or greater and 1 brook trout"
Marquette,Little Huron River,"from unnamed bridge crossing located at the southern border of section 20 (T52N, R29W, S20) downstream to L. Superior (T52N, R29W, S17).",1 BTRA,Last Sat. in April - Sep. 30,Last Sat. in April - Sep. 30,"20""","8""","10""","5 fish, but no more than 3 trout 15"" or greater and 1 brook trout"
Marquette,Salmon-Trout River,"from Lower Falls (T51N, R28W, S13) down to L. Superior. No fshing - Aug. 15 - the Friday before the last Saturday in April.",1 BTRA,Last Sat. in April - Sep. 30,Last Sat. in April - Sep. 30,"20""","8""","10""","5 fish, but no more than 3 trout 15"" or greater and 1 brook trout"
Mason,Big Sable River,"from Bridge Crossing (T19N, R15W, S3) downstream to Hamlin Lake.",4,Open All Year,"Last Sat. in April - Sep. 30 for Brook Trout, Brown Trout, and Atlantic Salmon Open all year for all other Trout and Salmon","7""","10""","10""","5 fish, but no more than 3 trout 15"" or greater"
Mason,Big Sable River,"from Hamlin Lake Dam downstream to L. Michigan. Special Artifcial Lure Regulations: apply Aug. 1 - Nov. 15, see p. 8.",3,Open All Year,Open All Year,"15""","15""","10""","5 fish, but no more than 3 trout 15"" or greater"
Mason,Big South Branch Pere Marquette River,"from confuence of Beaver/ Winnepesaug creeks downstream to confuence with Pere Marquette River. Year-round — the daily possession limit shall not include more than one (1) Rainbow Trout. Special Artifcial Lure Regulations: apply Aug. 1 - Nov. 15, see p. 8.",4,Open All Year,"Last Sat. in April - Sep. 30 for Brook Trout, Brown Trout, and Atlantic Salmon Open all year for all other Trout and Salmon","7""","10""","10""","5 fish, but no more than 3 trout 15"" or greater"
Mason,Lincoln River,"from confuence of N. and S. Br. of Lincoln River, (T19N, R17W, S32) downstream to L. Michigan.",3,Open All Year,Open All Year,"15""","15""","10""","5 fish, but no more than 3 trout 15"" or greater"
Mason,Little Manistee River,"from Johnson Rd. (Johnson’s Bridge) downstream to the boundary with Manistee Lake, which is defned as the power line crossing downstream of Stronach Road Bridge (also referred to as Water Street on some maps). SC - Closed to Fishing - Jan. 1 - March 31 from a point 300 feet upstream of the DNR weir to Spencer’s Bridge. Year-round — from Johnson Rd. downstream to 300 feet above the Little Manistee River Weir the daily possession limit shall not include more than one (1) Rainbow Trout. Special Artifcial Lure Regulations: apply Aug. 1 - Nov. 15, see p. 8.",4,Open All Year,"Last Sat. in April - Sep. 30 for Brook Trout, Brown Trout, and Atlantic Salmon Open all year for all other Trout and Salmon","7""","10""","10""","5 fish, but no more than 3 trout 15"" or greater"
Mason,Pentwater River and all tributaries,"Special Artifcial Lure Regulations: apply Aug. 1 - Nov. 15, see p. 8.",,,,,,,
Mason,Pere Marquette River,"from the upstream edge of the boat ramp at Rainbow Rapids (T18N, R14W, S27) downstream to Reek Rd. (Indian Bridge). Year-round — the daily possession limit shall not include more than one (1) Rainbow Trout. Special Artifcial Lure Regulations: apply Aug. 1 - Nov. 15, see p. 8.",4,Open All Year,"Last Sat. in April - Sep. 30 for Brook Trout, Brown Trout, and Atlantic Salmon Open all year for all other Trout and Salmon","7""","10""","10""","5 fish, but no more than 3 trout 15"" or greater"
Mason,Pere Marquette River,"from Reek Rd. (Indian Bridge) downstream to Old US-31. Year-round — the daily possession limit shall not include more than one (1) Rainbow Trout. Special Artifcial Lure Regulations: apply Aug. 1 - Nov. 15, see p. 8.",3,Open All Year,Open All Year,"15""","15""","10""","5 fish, but no more than 3 trout 15"" or greater"
Mecosta,Little Muskegon River,,4,Open All Year,"Last Sat. in April - Sep. 30 for Brook Trout, Brown Trout, and Atlantic Salmon Open all year for all other Trout and Salmon","7""","10""","10""","5 fish, but no more than 3 trout 15"" or greater"
Mecosta,Muskegon River,"from US-10 downstream to River Bend Blufs Public Access Site (T15N, R9W, S31).",4,Open All Year,"Last Sat. in April - Sep. 30 for Brook Trout, Brown Trout, and Atlantic Salmon Open all year for all other Trout and Salmon","7""","10""","10""","5 fish, but no more than 3 trout 15"" or greater"
Mecosta,Tamarack Creek,,4,Open All Year,"Last Sat. in April - Sep. 30 for Brook Trout, Brown Trout, and Atlantic Salmon Open all year for all other Trout and Salmon","7""","10""","10""","5 fish, but no more than 3 trout 15"" or greater"
Menominee,Big Cedar River,"from Veterans Memorial Park Dam (T38N, R26W, S9) downstream to L. Michigan.",4,Open All Year,"Last Sat. in April - Sep. 30 for Brook Trout, Brown Trout, and Atlantic Salmon Open all year for all other Trout and Salmon","7""","10""","10""","5 fish, but no more than 3 trout 15"" or greater"
Menominee,Ford River,"from T43N, R27W, S35 (Dickinson Co.) downstream to L. Michigan.",4,Open All Year,"Last Sat. in April - Sep. 30 for Brook Trout, Brown Trout, and Atlantic Salmon Open all year for all other Trout and Salmon","7""","10""","10""","5 fish, but no more than 3 trout 15"" or greater"
Menominee,Walton Creek (River),"from Westmann Dam (T35N, R25W, S18) down to L. Michigan.",4,Open All Year,"Last Sat. in April - Sep. 30 for Brook Trout, Brown Trout, and Atlantic Salmon Open all year for all other Trout and Salmon","7""","10""","10""","5 fish, but no more than 3 trout 15"" or greater"
Midland,Chippewa River,"from outlet of Lake Isabella, (T15N, R6W, S35) Isabella Co. downstream to confuence with the Tittabawassee River, (T14N, R2E, S21), Midland Co.",3,Open All Year,Open All Year,"15""","15""","10""","5 fish, but no more than 3 trout 15"" or greater"
Midland,Tittabawassee River,"from Sanford Dam site downstream to confuence with the Saginaw River. SC - Closed to Fishing - March 16 - Fri. before last Sat. in April between Sanford Dam and the mouth of the Salt River (T15N, R1W, S24). SC - Closed to Fishing - March 16 - Fri. before last Sat. in April between the Dow Dam and Gordonville Bridge (T13N, R2E, S1).",3,Open All Year,Open All Year,"15""","15""","10""","5 fish, but no more than 3 trout 15"" or greater"
Missaukee,Manistee River,"from Sunset Trail Rd. (CCC Bridge T26N, RW, S26) downstream to M-115.",4,Open All Year,"Last Sat. in April - Sep. 30 for Brook Trout, Brown Trout, and Atlantic Salmon Open all year for all other Trout and Salmon","7""","10""","10""","5 fish, but no more than 3 trout 15"" or greater"
Monroe,Huron River,from Belleville Lake Dam in Wayne Co. downstream to L. Erie,4,Open All Year,"Last Sat. in April - Sep. 30 for Brook Trout, Brown Trout, and Atlantic Salmon Open all year for all other Trout and Salmon","7""","10""","10""","5 fish, but no more than 3 trout 15"" or greater"
Montcalm,Fish Creek,"from Sidney Rd. (T10N, R6W, S20) downstream to confuence with Maple River.",4,Open All Year,"Last Sat. in April - Sep. 30 for Brook Trout, Brown Trout, and Atlantic Salmon Open all year for all other Trout and Salmon","7""","10""","10""","5 fish, but no more than 3 trout 15"" or greater"
Montcalm,Little Muskegon River,,4,Open All Year,"Last Sat. in April - Sep. 30 for Brook Trout, Brown Trout, and Atlantic Salmon Open all year for all other Trout and Salmon","7""","10""","10""","5 fish, but no more than 3 trout 15"" or greater"
Montcalm,Prairie Creek,Year-round — the daily possession limit shall not include more than one (1) Rainbow Trout.,4,Open All Year,"Last Sat. in April - Sep. 30 for Brook Trout, Brown Trout, and Atlantic Salmon Open all year for all other Trout and Salmon","7""","10""","10""","5 fish, but no more than 3 trout 15"" or greater"
Montcalm,Tamarack Creek,,4,Open All Year,"Last Sat. in April - Sep. 30 for Brook Trout, Brown Trout, and Atlantic Salmon Open all year for all other Trout and Salmon","7""","10""","10""","5 fish, but no more than 3 trout 15"" or greater"
Montmorency,Black River,"from Tin Shanty Bridge Rd. downstream to the Town Corner Lake Stairs (T32N, R1E, S31).",GR,open all year,last Sat. in April – Sep. 30 for Brook Trout; open all year for Brown Trout and Rainbow Trout,"10""","8""","10""",5 trout; with no more than 2 Brook Trout
Montmorency,Hunt Creek,"(T29N, R3E) East Fish, West Fish and Middle Fish lakes, and 2.4 miles of Hunt Creek from the Section Z bulkhead south to the Montmorency- Oscoda Co. line, and all of Fuller Creek, all in Sections25-27 and 34-36 is closed to fshing.",NO,Closed To fishing,None,None,None,None,None
Montmorency,Thunder Bay R.,from Atlanta dam to Sucker Cr. confuence upstream of Hillman Pond.,4,Open All Year,"Last Sat. in April - Sep. 30 for Brook Trout, Brown Trout, and Atlantic Salmon Open all year for all other Trout and Salmon","7""","10""","10""","5 fish, but no more than 3 trout 15"" or greater"
Muskegon,Cedar Creek,"from River Rd. (T11N, R15W, S33) downstream to confuence with Muskegon River.",3,Open All Year,Open All Year,"15""","15""","10""","5 fish, but no more than 3 trout 15"" or greater"
Muskegon,Crockery Creek Mainstream,"from Moore Rd. (T10N, R13W, S4) in Muskegon Co. downstream to confuence with Grand River (Ottawa Co.).",4,Open All Year,"Last Sat. in April - Sep. 30 for Brook Trout, Brown Trout, and Atlantic Salmon Open all year for all other Trout and Salmon","7""","10""","10""","5 fish, but no more than 3 trout 15"" or greater"
Muskegon,Muskegon River,"from Croton Dam downstream to M-120. Year-round — the daily possession limit for Type 3 still applies with up to fve (5) Rainbow Trout allowed in the daily possession limit, no more than three (3) trout 15"" or greater and shall not include more than one (1) Rainbow Trout 20 inches or greater. Special Artifcial Lure Regulations: apply Aug. 1 - Nov. 15, see p. 8.",3,Open All Year,Open All Year,"15""","15""","10""","5 fish, but no more than 3 trout 15"" or greater"
Muskegon,North Branch Crockery Creek,"mainstream from Kenowa Ave. (T10N, R13W, S36) downstream to confuence with Crockery Creek mainstream at Ravenna.",4,Open All Year,"Last Sat. in April - Sep. 30 for Brook Trout, Brown Trout, and Atlantic Salmon Open all year for all other Trout and Salmon","7""","10""","10""","5 fish, but no more than 3 trout 15"" or greater"
Muskegon,White River,"from Hesperia Dam downstream to White Lake (Business Route US-31 in Whitehall) Special Artifcial Lure Regulations: apply Aug. 1 - Nov. 15, see p. 8.",4,Open All Year,"Last Sat. in April - Sep. 30 for Brook Trout, Brown Trout, and Atlantic Salmon Open all year for all other Trout and Salmon","7""","10""","10""","5 fish, but no more than 3 trout 15"" or greater"
Newaygo,Big South Branch Pere Marquette River,"from confuence of Beaver/ Winnepesaug creeks downstream to confuence with Pere Marquette River. Year-round — the daily possession limit shall not include more than one (1) Rainbow Trout. Special Artifcial Lure Regulations: apply Aug. 1 - Nov. 15, see p. 8.",4,Open All Year,"Last Sat. in April - Sep. 30 for Brook Trout, Brown Trout, and Atlantic Salmon Open all year for all other Trout and Salmon","7""","10""","10""","5 fish, but no more than 3 trout 15"" or greater"
Newaygo,Little Muskegon River,,4,Open All Year,"Last Sat. in April - Sep. 30 for Brook Trout, Brown Trout, and Atlantic Salmon Open all year for all other Trout and Salmon","7""","10""","10""","5 fish, but no more than 3 trout 15"" or greater"
Newaygo,Muskegon River,"from Croton Dam downstream to M-120. Year-round — the daily possession limit for Type 3 still applies with up to fve (5) Rainbow Trout allowed in the daily possession limit, no more than three (3) trout 15"" or greater and shall not include more than one (1) Rainbow Trout 20 inches or greater. Special Artifcial Lure Regulations: apply Aug. 1 - Nov. 15, see p. 8.",3,Open All Year,Open All Year,"15""","15""","10""","5 fish, but no more than 3 trout 15"" or greater"
Newaygo,Rogue River,downstream limit is confuence with Grand River.,4,Open All Year,"Last Sat. in April - Sep. 30 for Brook Trout, Brown Trout, and Atlantic Salmon Open all year for all other Trout and Salmon","7""","10""","10""","5 fish, but no more than 3 trout 15"" or greater"
Newaygo,Tamarack Creek,,4,Open All Year,"Last Sat. in April - Sep. 30 for Brook Trout, Brown Trout, and Atlantic Salmon Open all year for all other Trout and Salmon","7""","10""","10""","5 fish, but no more than 3 trout 15"" or greater"
Oakland,Huron River,"from 50 yards below Proud Lake Dam (T2N, R8E, S18) to 100 yards below Wixom Rd. (T2N, R7E, S13).",GR,open all year,closed; except for children under 12 the possession season is open,"8"" Min, 12"" Max","8"" Min, 12"" Max","8"" Min, 12"" Max",zero trout; except children under 12 may keep 1 trout
Oakland,Paint Creek,from Gunn Rd. to Tienken Rd.,GR,last Sat. in April – Sep. 30 for all trout,last Sat. in April – Sep. 30 for all trout,"14""","14""","14""",2 trout
Oceana,Big South Branch Pere Marquette River,"from confuence of Beaver/ Winnepesaug creeks downstream to confuence with Pere Marquette River. Year-round — the daily possession limit shall not include more than one (1) Rainbow Trout. Special Artifcial Lure Regulations: apply Aug. 1 - Nov. 15, see p. 8.",4,Open All Year,"Last Sat. in April - Sep. 30 for Brook Trout, Brown Trout, and Atlantic Salmon Open all year for all other Trout and Salmon","7""","10""","10""","5 fish, but no more than 3 trout 15"" or greater"
Oceana,North Branch Pentwater River,"from Oceana Dr. downstream to confuence with mainstream of Pentwater River. Special Artifcial Lure Regulations: apply Aug. 1 - Nov. 15, see p. 8.",4,Open All Year,"Last Sat. in April - Sep. 30 for Brook Trout, Brown Trout, and Atlantic Salmon Open all year for all other Trout and Salmon","7""","10""","10""","5 fish, but no more than 3 trout 15"" or greater"
Oceana,North Branch White River,"from Arthur Rd. downstream to confuence with White River. Year-round — the daily possession limit shall not include more than one (1) Rainbow Trout. Special Artifcial Lure Regulations: apply Aug. 1 - Nov. 15, see p. 8.",4,Open All Year,"Last Sat. in April - Sep. 30 for Brook Trout, Brown Trout, and Atlantic Salmon Open all year for all other Trout and Salmon","7""","10""","10""","5 fish, but no more than 3 trout 15"" or greater"
Oceana,Pentwater River,"from Hart Dam downstream to confuence with Pentwater Lake (Long Bridge Rd. or B15). Special Artifcial Lure Regulations: apply Aug. 1 - Nov. 15, see p. 8.",4,Open All Year,"Last Sat. in April - Sep. 30 for Brook Trout, Brown Trout, and Atlantic Salmon Open all year for all other Trout and Salmon","7""","10""","10""","5 fish, but no more than 3 trout 15"" or greater"
Oceana,White River,"from Hesperia Dam downstream to White Lake (Business Route US-31 in Whitehall) Special Artifcial Lure Regulations: apply Aug. 1 - Nov. 15, see p. 8.",4,Open All Year,"Last Sat. in April - Sep. 30 for Brook Trout, Brown Trout, and Atlantic Salmon Open all year for all other Trout and Salmon","7""","10""","10""","5 fish, but no more than 3 trout 15"" or greater"
Ogemaw,Rife River,"from Sage Lake Road (T23N, R3E, S22) downstream to Saginaw Bay.",3,Open All Year,Open All Year,"15""","15""","10""","5 fish, but no more than 3 trout 15"" or greater"
Ontonagon,Big Iron River,"from Koshak Rd. Bridge (T49N, R43W, S2) downstream to L. Superior.",3,Open All Year,Open All Year,"15""","15""","10""","5 fish, but no more than 3 trout 15"" or greater"
Ontonagon,East Branch Ontonagon River,upstream limit is Hwy. M-28.,3,Open All Year,Open All Year,"15""","15""","10""","5 fish, but no more than 3 trout 15"" or greater"
Ontonagon,East Sleeping River,"from railroad trestle (T53N, R38W, S25) downstream to L. Superior.",3,Open All Year,Open All Year,"15""","15""","10""","5 fish, but no more than 3 trout 15"" or greater"
Ontonagon,Firesteel River,(including East & West Branch) upstream limit is Hwy. M-26.,3,Open All Year,Open All Year,"15""","15""","10""","5 fish, but no more than 3 trout 15"" or greater"
Ontonagon,Little Iron River,"upstream limit is Nonesuch Falls (T50N, R43N, S1).",3,Open All Year,Open All Year,"15""","15""","10""","5 fish, but no more than 3 trout 15"" or greater"
Ontonagon,Middle Branch Ontonagon River,downstream limit is Agate Falls.,2,Last Sat. in April - Sep. 30,Last Sat. in April - Sep. 30,"10""","12""","10""","5 fish, but no more than 3 trout 15"" or greater"
Ontonagon,Middle Branch Ontonagon River,Agate Falls is upstream limit.,3,Open All Year,Open All Year,"15""","15""","10""","5 fish, but no more than 3 trout 15"" or greater"
Ontonagon,Misery River,"upstream limit is bridge in T53N, R37W, S15.",3,Open All Year,Open All Year,"15""","15""","10""","5 fish, but no more than 3 trout 15"" or greater"
Ontonagon,Ontonagon River,,3,Open All Year,Open All Year,"15""","15""","10""","5 fish, but no more than 3 trout 15"" or greater"
Ontonagon,Union River,"from South Boundary Rd. (T51N, R42W, S22) downstream to L. Superior.",4,Open All Year,"Last Sat. in April - Sep. 30 for Brook Trout, Brown Trout, and Atlantic Salmon Open all year for all other Trout and Salmon","7""","10""","10""","5 fish, but no more than 3 trout 15"" or greater"
Ontonagon,West Branch Big Iron River,"from Burnt Dam Bridge (T50N, R44W, S36) downstream to confuence with Big Iron River.",3,Open All Year,Open All Year,"15""","15""","10""","5 fish, but no more than 3 trout 15"" or greater"
Ontonagon,West Branch Ontonagon River,"upstream limit is confuence with Victoria Hydro Station tail race (T50N, R39W, S29). SC - Closed to Fishing - April 1 - June 10 from its confuence with the Victoria Hydro Station tail race in the SE1/4 of the SW1/4 of T50N, R39W, S29 upstream to Victoria Dam.",3,Open All Year,Open All Year,"15""","15""","10""","5 fish, but no more than 3 trout 15"" or greater"
Osceola,Muskegon River,"from US-10 downstream to River Bend Blufs Public Access Site (T15N, R9W, S31).",4,Open All Year,"Last Sat. in April - Sep. 30 for Brook Trout, Brown Trout, and Atlantic Salmon Open all year for all other Trout and Salmon","7""","10""","10""","5 fish, but no more than 3 trout 15"" or greater"
Oscoda,Au Sable River Mainstream,"from McMasters Bridge Rd. (McMasters Bridge) downstream to Rainbow Bend power line (T26N, R2E, S3).",4,Open All Year,"Last Sat. in April - Sep. 30 for Brook Trout, Brown Trout, and Atlantic Salmon Open all year for all other Trout and Salmon","7""","10""","10""","5 fish, but no more than 3 trout 15"" or greater"
Oscoda,Au Sable River Mainstream,"from Mio Dam down to the Mio power line at (T26N, R3E, S7).",4,Open All Year,"Last Sat. in April - Sep. 30 for Brook Trout, Brown Trout, and Atlantic Salmon Open all year for all other Trout and Salmon","7""","10""","10""","5 fish, but no more than 3 trout 15"" or greater"
Oscoda,Au Sable River Mainstream,"from Mio power line (T26N, R3E, S7) downstream to Evans Rd. (McKinley Bridge).",GR,open all year,last Sat. in April – Sep. 30 for Brook Trout and Brown Trout; open all year for Rainbow Trout,"7""","18""","10""","2 trout with no more than 1 trout 18"" or greater"
Oscoda,Au Sable River Mainstream,from Evans Rd. (McKinley Bridge) downstream to 4001 Bridge.,2,Last Sat. in April - Sep. 30,Last Sat. in April - Sep. 30,"10""","12""","10""","5 fish, but no more than 3 trout 15"" or greater"
Otsego,Black River,"from Tin Shanty Bridge Rd. downstream to the Town Corner Lake Stairs (T32N, R1E, S31).",GR,open all year,last Sat. in April – Sep. 30 for Brook Trout; open all year for Brown Trout and Rainbow Trout,"10""","8""","10""",5 trout; with no more than 2 Brook Trout
Otsego,Manistee River,from headwaters downstream to Co. Rd. 612.,2,Last Sat. in April - Sep. 30,Last Sat. in April - Sep. 30,"10""","12""","10""","5 fish, but no more than 3 trout 15"" or greater"
Otsego,Pigeon River,"from Old Vanderbilt Rd. downstream to Elk Hill Campground Horse Trail (T32N, R1W, S10).",2,Last Sat. in April - Sep. 30,Last Sat. in April - Sep. 30,"10""","12""","10""","5 fish, but no more than 3 trout 15"" or greater"
Otsego,Pigeon River,from Elk Hill Campground Horse Trail to Pine Grove Campground stairs.,GR,open all year,last Sat. in April – Sep. 30 for Brook Trout and Brown Trout; open all year for Rainbow Trout,"10""","12""","10""",2 trout; with no more than 1 Brown Trout
Ottawa,Crockery Creek Mainstream,"from Moore Rd. (T10N, R13W, S4) in Muskegon Co. downstream to confuence with Grand River (Ottawa Co.).",4,Open All Year,"Last Sat. in April - Sep. 30 for Brook Trout, Brown Trout, and Atlantic Salmon Open all year for all other Trout and Salmon","7""","10""","10""","5 fish, but no more than 3 trout 15"" or greater"
Ottawa,North Branch Crockery Creek Mainstream,"from Kenowa Ave. (T10N, R13W, S36) downstream to confuence with Crockery Creek mainstream at Ravenna.",4,Open All Year,"Last Sat. in April - Sep. 30 for Brook Trout, Brown Trout, and Atlantic Salmon Open all year for all other Trout and Salmon","7""","10""","10""","5 fish, but no more than 3 trout 15"" or greater"
Ottawa,Sand Creek,,4,Open All Year,"Last Sat. in April - Sep. 30 for Brook Trout, Brown Trout, and Atlantic Salmon Open all year for all other Trout and Salmon","7""","10""","10""","5 fish, but no more than 3 trout 15"" or greater"
Presque Isle,Ocqueoc River,from Barnhart L. down to L. Huron.,4,Open All Year,"Last Sat. in April - Sep. 30 for Brook Trout, Brown Trout, and Atlantic Salmon Open all year for all other Trout and Salmon","7""","10""","10""","5 fish, but no more than 3 trout 15"" or greater"
Presque Isle,Swan River,"from US-23 Bridge downstream to L. Huron. SC - Closed to Fishing - Whenever weir is in place - from 300 feet above weir to mouth (T35N, R6E, S20 & S29).",3,Open All Year,Open All Year,"15""","15""","10""","5 fish, but no more than 3 trout 15"" or greater"
Presque Isle,Trout River,"from dam (T35N, R5E, S17) downstream to L. Huron.",3,Open All Year,Open All Year,"15""","15""","10""","5 fish, but no more than 3 trout 15"" or greater"
Saginaw,Saginaw River,,3,Open All Year,Open All Year,"15""","15""","10""","5 fish, but no more than 3 trout 15"" or greater"
Saginaw,Tittabawassee River,from Sanford Dam site downstream to confuence with the Saginaw River.,3,Open All Year,Open All Year,"15""","15""","10""","5 fish, but no more than 3 trout 15"" or greater"
Schoolcraft,Fox River,"from Fox River State Forest Campground (T46N, R14W, S11) to M-28.",GR,open all year,closed; except for children under 12 the possession season is open,"8"" Min, 12"" Max","8"" Min, 12"" Max","8"" Min, 12"" Max",zero trout; except children under 12 may keep 1 trout
Schoolcraft,Manistique River,from Papermill Dam downstream to L. Michigan.,4,Open All Year,"Last Sat. in April - Sep. 30 for Brook Trout, Brown Trout, and Atlantic Salmon Open all year for all other Trout and Salmon","7""","10""","10""","5 fish, but no more than 3 trout 15"" or greater"
Schoolcraft,Milakokia River,"Inland-Limstone Co. Railroad Bridge (T41N, R13W, S1) downstream to L. Michigan.",4,Open All Year,"Last Sat. in April - Sep. 30 for Brook Trout, Brown Trout, and Atlantic Salmon Open all year for all other Trout and Salmon","7""","10""","10""","5 fish, but no more than 3 trout 15"" or greater"
St. Clair,Belle River,,4,Open All Year,"Last Sat. in April - Sep. 30 for Brook Trout, Brown Trout, and Atlantic Salmon Open all year for all other Trout and Salmon","7""","10""","10""","5 fish, but no more than 3 trout 15"" or greater"
St. Clair,Black River,from private dam in Port Huron State Game Area downstream to confuence with St. Clair R.,3,Open All Year,Open All Year,"15""","15""","10""","5 fish, but no more than 3 trout 15"" or greater"
St. Clair,Mill Creek,downstream limit is confuence with Black R.,4,Open All Year,"Last Sat. in April - Sep. 30 for Brook Trout, Brown Trout, and Atlantic Salmon Open all year for all other Trout and Salmon","7""","10""","10""","5 fish, but no more than 3 trout 15"" or greater"
St. Joseph,Curtis Creek and Tributaries,,2,Last Sat. in April - Sep. 30,Last Sat. in April - Sep. 30,"10""","12""","10""","5 fish, but no more than 3 trout 15"" or greater"
St. Joseph,Mill Creek and Tributaries,"from Preston Road (T7S, R12W, S7) downstream to impoundment at T7S, R12W, S32.",4,Open All Year,"Last Sat. in April - Sep. 30 for Brook Trout, Brown Trout, and Atlantic Salmon Open all year for all other Trout and Salmon","7""","10""","10""","5 fish, but no more than 3 trout 15"" or greater"
St. Joseph,Prairie River Mainstream,"from Bowers Road (T8S, R7W, S4) downstream to McKale Road (T7S, R9W, S8).",4,Open All Year,"Last Sat. in April - Sep. 30 for Brook Trout, Brown Trout, and Atlantic Salmon Open all year for all other Trout and Salmon","7""","10""","10""","5 fish, but no more than 3 trout 15"" or greater"
St. Joseph,Unnamed Tributary,"(T6S, R10W, S26).",4,Open All Year,"Last Sat. in April - Sep. 30 for Brook Trout, Brown Trout, and Atlantic Salmon Open all year for all other Trout and Salmon","7""","10""","10""","5 fish, but no more than 3 trout 15"" or greater"
Van Buren,Black River Mainstream,from confuence of N. and S. Br. down to L. Michigan.,3,Open All Year,Open All Year,"15""","15""","10""","5 fish, but no more than 3 trout 15"" or greater"
Van Buren,Brush Creek (Except Reynolds Lake Drain),from 63rd Ave. downstream to confuence with Paw Paw River.,4,Open All Year,"Last Sat. in April - Sep. 30 for Brook Trout, Brown Trout, and Atlantic Salmon Open all year for all other Trout and Salmon","7""","10""","10""","5 fish, but no more than 3 trout 15"" or greater"
Van Buren,Dowagiac River (including Dowagiac Drain),from source downstream to confuence with St. Joseph River.,4,Open All Year,"Last Sat. in April - Sep. 30 for Brook Trout, Brown Trout, and Atlantic Salmon Open all year for all other Trout and Salmon","7""","10""","10""","5 fish, but no more than 3 trout 15"" or greater"
Van Buren,Pine Creek,"downstream limit is 101st Ave. (T1N, R12W,S32).",4,Open All Year,"Last Sat. in April - Sep. 30 for Brook Trout, Brown Trout, and Atlantic Salmon Open all year for all other Trout and Salmon","7""","10""","10""","5 fish, but no more than 3 trout 15"" or greater"
Van Buren,South Branch of the Black River,"from Hamilton Street Bridge (T2S, R16W, S1) downstream to confuence with mainstream (T1S, R17W, S2). Type 1 from Hamilton St.Bridge up to Bangor City Dam. Hook Restriction: South Branch Black River and all Tributaries upstream of Breedsville (Mill Str.) - it shall be unlawful to use other than one single-pointed unweighted hook measuring 1/2"" or less from point to shank.",3,Open All Year,Open All Year,"15""","15""","10""","5 fish, but no more than 3 trout 15"" or greater"
Van Buren,South Branch Paw Paw River (aka Gates Drain or West Branch) and tributaries,"downstream to the railroad bridge downstream of I-94 (T3S, R14W, S14).",4,Open All Year,"Last Sat. in April - Sep. 30 for Brook Trout, Brown Trout, and Atlantic Salmon Open all year for all other Trout and Salmon","7""","10""","10""","5 fish, but no more than 3 trout 15"" or greater"
Wayne,Huron River,from Belleville Lake Dam in Wayne Co. downstream to L. Erie.,4,Open All Year,"Last Sat. in April - Sep. 30 for Brook Trout, Brown Trout, and Atlantic Salmon Open all year for all other Trout and Salmon","7""","10""","10""","5 fish, but no more than 3 trout 15"" or greater"
Wexford,Manistee River,"from Sunset Trail Rd. (CCC Bridge T26N, R6W,S26) downstream to M-115.",4,Open All Year,"Last Sat. in April - Sep. 30 for Brook Trout, Brown Trout, and Atlantic Salmon Open all year for all other Trout and Salmon","7""","10""","10""","5 fish, but no more than 3 trout 15"" or greater"
Wexford,Pine River,from Elm Flats Public Access Site to confuence with Tippy Dam backwaters.,2,Last Sat. in April - Sep. 30,Last Sat. in April - Sep. 30,"10""","12""","10""","5 fish, but no more than 3 trout 15"" or greater"